# Copyright (c) Meta Platforms, Inc. and affiliates.
#
# Licensed under the Apache License, Version 2.0 (the "License");
# you may not use this file except in compliance with the License.
# You may obtain a copy of the License at
#
#     http://www.apache.org/licenses/LICENSE-2.0
#
# Unless required by applicable law or agreed to in writing, software
# distributed under the License is distributed on an "AS IS" BASIS,
# WITHOUT WARRANTIES OR CONDITIONS OF ANY KIND, either express or implied.
# See the License for the specific language governing permissions and
# limitations under the License.

# Name,    Type, SubType, Offset,   Size,     Flags
# Vendor-specified layout (4 MB flash) for the ESP32-2432S028R "Cheap Yellow
# Display" (sdkconfig.cyd). Dual-OTA app slots, 0x1E0000 (~1.79 MB) each, for
# device.ota + auto-rollback, plus factory product-parameter partitions
# (prod_data primary / prod_bak backup) at the end of flash. otadata selects
# the boot slot; device.ota writes the inactive ota slot. The non-UI build
# has OTA disabled (CONFIG_HOMEHUB_OTA_ENABLED=n) but keeps both slots so a
# future build can enable it without a re-flash boundary.
#
# The partition table lives at CONFIG_PARTITION_TABLE_OFFSET=0x8000 (the IDF
# default; set in the overlay since sdkconfig.defaults moves it to 0x10000),
# so nvs/otadata/phy_init keep their standard offsets. All app slots are
# 64 KB aligned. Everything fits below 0x400000: the last byte used is
# 0x3E2000.
nvs,       data, nvs,     0x9000,   0x6000,
otadata,   data, ota,     0xF000,   0x2000,
phy_init,  data, phy,     0x11000,  0x1000,
ota_0,     app,  ota_0,   0x20000,  0x1E0000,
ota_1,     app,  ota_1,   0x200000, 0x1E0000,
prod_data, data, 0x40,    0x3E0000, 0x1000,
prod_bak,  data, 0x41,    0x3E1000, 0x1000,
